[{"id":1,"message":"success -> Mowgli: Legend of the Jungle was viewed with total views of 4"},{"id":2,"message":"success -> A Beautiful Day in the Neighborhood was viewed with total views of 4"},{"id":3,"message":"success -> John Wick: Chapter 3 - Parabellum was viewed with total views of 3"},{"id":4,"message":"success -> Mowgli: Legend of the Jungle was viewed with total views of 3"},{"id":5,"message":"success -> The Venture Bros. was viewed with total views of 1"},{"id":6,"message":"success -> The Venture Bros. was viewed with total views of 2"},{"id":7,"message":"success -> Home Before Dark was viewed with total views of 1"},{"id":8,"message":"success -> Harley Quinn was viewed with total views of 1"},{"id":9,"message":"success -> FBI was viewed with total views of 1"},{"id":10,"message":"PopularRecommendation cannot be applied!"}]