[{"id":1,"message":"success -> Thor: Ragnarok was viewed with total views of 1"},{"id":2,"message":"success -> A Happening of Monumental Proportions was viewed with total views of 1"},{"id":3,"message":"success -> Ed Wood was viewed with total views of 4"},{"id":4,"message":"success -> Thor: Ragnarok was viewed with total views of 2"},{"id":5,"message":"success -> YOU was viewed with total views of 1"},{"id":6,"message":"success -> Lost was viewed with total views of 1"},{"id":7,"message":"success -> Yashahime: Princess Half-Demon was viewed with total views of 1"},{"id":8,"message":"success -> Yashahime: Princess Half-Demon was viewed with total views of 1"},{"id":9,"message":"success -> The Venture Bros. was viewed with total views of 1"},{"id":10,"message":"PopularRecommendation result: YOU"}]