[{"id":1,"message":"error -> Toy Story 4 is not seen"},{"id":2,"message":"success -> The Grinch was rated with 5.0 by empathicSwift1"},{"id":3,"message":"success -> The Grinch was rated with 5.0 by murkyMandrill7"},{"id":4,"message":"error -> Toy Story 4 is not seen"},{"id":5,"message":"error -> See is not seen"},{"id":6,"message":"error -> See is not seen"},{"id":7,"message":"error -> Cursed is not seen"},{"id":8,"message":"error -> See is not seen"},{"id":9,"message":"error -> Cursed is not seen"},{"id":10,"message":"SearchRecommendation cannot be applied!"}]