[{"id":1,"message":"success -> A Beautiful Day in the Neighborhood was rated with 4.0 by similarLocust2"},{"id":2,"message":"success -> Legends of the Fall was rated with 4.0 by debonairMackerel0"},{"id":3,"message":"success -> Legends of the Fall was rated with 9.0 by mellowJerky8"},{"id":4,"message":"error -> Legends of the Fall has been already rated"},{"id":5,"message":"success -> Killing Eve was rated with 9.0 by debonairMackerel0"},{"id":6,"message":"success -> Killing Eve was rated with 9.0 by similarLocust2"},{"id":7,"message":"success -> Falsa Identidad was rated with 5.0 by debonairMackerel0"},{"id":8,"message":"success -> Killing Eve was rated with 9.0 by debonairMackerel0"},{"id":9,"message":"success -> Killing Eve was rated with 9.0 by mellowJerky8"},{"id":10,"message":"Query result: [Camila Sodi, Luis Ernesto Franco, Chris Cooper]"}]