[{"id":1,"message":"success -> The Post was rated with 10.0 by solidEagle6"},{"id":2,"message":"error -> North is not seen"},{"id":3,"message":"error -> Everything Is Terrible! Presents: The Great Satan is not seen"},{"id":4,"message":"success -> The Bad Batch was rated with 6.0 by solidEagle6"},{"id":5,"message":"error -> Kingdom is not seen"},{"id":6,"message":"error -> Are You Lost? is not seen"},{"id":7,"message":"error -> Insatiable is not seen"},{"id":8,"message":"error -> Are You Lost? is not seen"},{"id":9,"message":"error -> Are You Lost? is not seen"},{"id":10,"message":"BestRatedUnseenRecommendation result: North"}]
