[{"id":1,"message":"success -> Legends of the Fall was rated with 5.0 by cynicalRaisins2"},{"id":2,"message":"error -> Only You is not seen"},{"id":3,"message":"success -> Legends of the Fall was rated with 10.0 by drearyOryx7"},{"id":4,"message":"error -> Only You is not seen"},{"id":5,"message":"error -> Drake & Josh is not seen"},{"id":6,"message":"error -> Utopia is not seen"},{"id":7,"message":"error -> Drake & Josh is not seen"},{"id":8,"message":"success -> Drake & Josh was rated with 6.0 by cynicalRaisins2"},{"id":9,"message":"success -> DARLING in the FRANXX was rated with 10.0 by ardentFlamingo8"},{"id":10,"message":"Query result: [ardentFlamingo8, drearyOryx7, cynicalRaisins2]"}]