[{"id":1,"message":"error -> The Current War is already in favourite list"},{"id":2,"message":"error -> The Current War is already in favourite list"},{"id":3,"message":"error -> To the Bone is already in favourite list"},{"id":4,"message":"error -> The Professor is already in favourite list"},{"id":5,"message":"error -> Marvel's Cloak & Dagger is not seen"},{"id":6,"message":"error -> Marvel's Cloak & Dagger is not seen"},{"id":7,"message":"error -> Raised by Wolves is not seen"},{"id":8,"message":"error -> Rescue Me is not seen"},{"id":9,"message":"error -> Phil of the Future is not seen"},{"id":10,"message":"FavoriteRecommendation result: London Fields"}]